,eid,doi,pii,pubmed_id,title,subtype,subtypeDescription,creator,afid,affilname,affiliation_city,affiliation_country,author_count,author_names,author_ids,author_afids,coverDate,coverDisplayDate,publicationName,issn,source_id,eIssn,aggregationType,volume,issueIdentifier,article_number,pageRange,description,authkeywords,citedby_count,openaccess,freetoread,freetoreadLabel,fund_acr,fund_no,fund_sponsor
0,2-s2.0-84891123033,10.1109/DevLrn.2013.6652527,,,An Enactive approach to autonomous agent and robot learning,cp,Conference Paper,Georgeon O.,,Université Claude Bernard Lyon 1,Villeurbanne,France,,,,,2013-12-31,2013,"2013 IEEE 3rd Joint International Conference on Development and Learning and Epigenetic Robotics, ICDL 2013 - Electronic Conference Proceedings",,21100276765,,Conference Proceeding,,,6652527,,,,3,0,repositoryam,Green,,,
1,2-s2.0-84890748275,10.1109/ETFA.2013.6648001,,,Ptask: An educational C library for programming real-time systems on Linux,cp,Conference Paper,Buttazzo G.,,Sant'Anna Scuola Universitaria Superiore Pisa,Pisa,Italy,,,,,2013-12-24,2013,"IEEE International Conference on Emerging Technologies and Factory Automation, ETFA",19460740,21100275520,19460759,Conference Proceeding,,,6648001,,,,1,0,,,,,
2,2-s2.0-84889863236,,,,Learning social calculus with genetic programing,cp,Conference Paper,Khan S.,,University of Central Florida,Orlando,United States,,,,,2013-12-13,2013,FLAIRS 2013 - Proceedings of the 26th International Florida Artificial Intelligence Research Society Conference,,21100273267,,Conference Proceeding,,,,88-93,,,2,0,,,,,
3,2-s2.0-84889588162,10.1109/ROMAN.2013.6628454,,,Teaching and reinforcement learning of robotic view-based manipulation,cp,Conference Paper,Maeda Y.,,Yokohama National University,Yokohama,Japan,,,,,2013-12-11,2013,Proceedings - IEEE International Workshop on Robot and Human Interactive Communication,,144690,,Conference Proceeding,,,6628454,87-92,,,1,0,,,,,
4,2-s2.0-84889055446,10.1109/COMPEL.2013.6626422,,,A virtual laboratory for power electronics and DSP based motion control,cp,Conference Paper,Li X.,,The University of Texas at Dallas,Richardson,United States,,,,,2013-12-09,2013,"2013 IEEE 14th Workshop on Control and Modeling for Power Electronics, COMPEL 2013",,21100269624,,Conference Proceeding,,,6626422,,,,3,0,,,,,
5,2-s2.0-84888399661,,,,Intelligent control of a prosthetic ankle joint,cp,Conference Paper,Mai A.,,University of Oklahoma,Norman,United States,,,,,2013-12-03,2013,"ICINCO 2013 - Proceedings of the 10th International Conference on Informatics in Control, Automation and Robotics",,21100346004,,Conference Proceeding,1,,,17-25,,,0,0,,,,,
6,2-s2.0-84897894741,10.11120/ened.2013.00018,,,Teaching model predictive control algorithm using starter kit robot,ar,Article,Shakouri P.,,Kingston University,Kingston Upon Thames,United Kingdom,,,,,2013-12-01,2013,Engineering Education,17500044,21100323100,17500052,Journal,8,2,,30-43,,,4,1,publisherfree2read,Bronze,,,
7,2-s2.0-84897767271,10.1109/ECONF.2013.22,,,Equipping upper elementary students with web mobile skills to advocate programming literacy,cp,Conference Paper,Hammoud A.,,Global University,,Bahrain,,,,,2013-12-01,2013,"Proceedings - 2013 4th International Conference on e-Learning Best Practices in Management, Design and Development of e-Courses: Standards of Excellence and Creativity, ECONF 2013",,21100294609,,Conference Proceeding,,,6745582,442-448,,,0,0,,,,,
8,2-s2.0-84897734703,10.1109/ICTAI.2013.53,,,Machine learning for Android malware detection using permission and API calls,cp,Conference Paper,Peiravian N.,,Florida Atlantic University,Boca Raton,United States,,,,,2013-12-01,2013,"Proceedings - International Conference on Tools with Artificial Intelligence, ICTAI",10823409,145117,,Conference Proceeding,,,6735264,300-305,,,273,0,,,,,
9,2-s2.0-84896799051,10.1109/CARE.2013.6733750,,,Biped model based on human Gait pattern parameters for sagittal plane movement,cp,Conference Paper,Semwal V.B.,,"Indian Institute of Information Technology, Allahabad",Allahabad,India,,,,,2013-12-01,2013,"CARE 2013 - 2013 IEEE International Conference on Control, Automation, Robotics and Embedded Systems, Proceedings",,21100296205,,Conference Proceeding,,,6733750,,,,23,0,,,,,
10,2-s2.0-84896766872,10.1109/CARE.2013.6733745,,,A step towards a robotic system with smartphone working as its brain: An assistive technology,cp,Conference Paper,Sankhe P.,,Indian Institute of Technology Gandhinagar,Gandhinagar,India,,,,,2013-12-01,2013,"CARE 2013 - 2013 IEEE International Conference on Control, Automation, Robotics and Embedded Systems, Proceedings",,21100296205,,Conference Proceeding,,,6733745,,,,1,0,,,,,
11,2-s2.0-84896061233,,,,Meta-Interpretive Learning of higher-order dyadic datalog: Predicate invention revisited,cp,Conference Paper,Muggleton S.,,Imperial College London,London,United Kingdom,,,,,2013-12-01,2013,IJCAI International Joint Conference on Artificial Intelligence,10450823,19400157504,,Conference Proceeding,,,,1551-1557,,,24,0,,,,,
12,2-s2.0-84894584507,10.1145/2532333.2532338,,,DOROTHY: Integrating graphical programming with robotics to stimulate interest in computing careers,cp,Conference Paper,South D.,,Texas Tech University,Lubbock,United States,,,,,2013-12-01,2013,ACM International Conference Proceeding Series,,11600154611,,Conference Proceeding,,,,,,,2,0,,,,,
13,2-s2.0-84894187528,,,,Alops constructive systems,cp,Conference Paper,Arenas U.,,Tecnologico de Monterrey,Monterrey,Mexico,,,,,2013-12-01,2013,"Open Systems - Proceedings of the 18th International Conference on Computer-Aided Architectural Design Research in Asia, CAADRIA 2013",,21100286861,,Conference Proceeding,,,,905-914,,,0,0,,,,,
14,2-s2.0-84894115686,10.1109/ICInfA.2013.6720320,,,Seamless multi-robot programming for the people: ASEBA and the wireless Thymio II robot,cp,Conference Paper,Retornaz P.,,Ecole Polytechnique Fédérale de Lausanne,Lausanne,Switzerland,,,,,2013-12-01,2013,"2013 IEEE International Conference on Information and Automation, ICIA 2013",,21100286813,,Conference Proceeding,,,6720320,337-343,,,2,0,repositoryam,Green,,,
15,2-s2.0-84894091620,,,,"9th IFIP WG 12.5 International Conference on Artificial Intelligence Applications and Innovations, AIAI 2013",cr,Conference Review,,,,,,,,,,2013-12-01,2013,IFIP Advances in Information and Communication Technology,18684238,19400157163,,Book Series,412,,,,,,0,0,,,,,
16,2-s2.0-84893938813,10.1109/ExpAt.2013.6703040,,,Robotics virtual lab based on off-line robot programming software,cp,Conference Paper,Abreu P.,,Universidade do Porto,Porto,Portugal,,,,,2013-12-01,2013,"Proceedings - 2013 2nd Experiment@ International Conference, exp.at 2013",,21100286456,,Conference Proceeding,,,6703040,109-113,,,14,0,,,,,
17,2-s2.0-84893810243,10.1109/IROS.2013.6696818,,,Autonomous eFAST ultrasound scanning by a robotic manipulator using learning from demonstrations,cp,Conference Paper,Mylonas G.P.,,Imperial College London;Institute of Global Health Innovation,London;London,United Kingdom;United Kingdom,,,,,2013-12-01,2013,IEEE International Conference on Intelligent Robots and Systems,21530858,66854,21530866,Conference Proceeding,,,6696818,3251-3256,,,18,0,,,,,
18,2-s2.0-84893738421,10.1109/IROS.2013.6696578,,,Social mapping of human-populated environments by implicit function learning,cp,Conference Paper,Papadakis P.,,Equipe E-motion at IN-RIA Rhone-Alpes,Grenoble,France,,,,,2013-12-01,2013,IEEE International Conference on Intelligent Robots and Systems,21530858,66854,21530866,Conference Proceeding,,,6696578,1701-1706,,,34,0,repositoryam,Green,,,
19,2-s2.0-84893718654,10.1109/IROS.2013.6696428,,,Evaluating techniques for learning a feedback controller for low-cost manipulators,cp,Conference Paper,Cliff O.,,The University of Sydney,Sydney,Australia,,,,,2013-12-01,2013,IEEE International Conference on Intelligent Robots and Systems,21530858,66854,21530866,Conference Proceeding,,,6696428,704-709,,,2,0,,,,,
20,2-s2.0-84893693296,,,,"Proceedings - 2013 8th International Conference on Computer Engineering and Systems, ICCES 2013",cr,Conference Review,,,,,,,,,,2013-12-01,2013,"Proceedings - 2013 8th International Conference on Computer Engineering and Systems, ICCES 2013",,21100286411,,Conference Proceeding,,,,,,,0,0,,,,,
21,2-s2.0-84893585762,10.1109/SMC.2013.341,,,Effect of virtual work braking on distributed multi-robot reinforcement learning,cp,Conference Paper,Kawano H.,,Nippon Telegraph and Telephone Corporation,Tokyo,Japan,,,,,2013-12-01,2013,"Proceedings - 2013 IEEE International Conference on Systems, Man, and Cybernetics, SMC 2013",,21100286344,,Conference Proceeding,,,6722094,1987-1994,,,0,0,,,,,
22,2-s2.0-84893421936,,,,GRAK: A visual robotics toolbox using MATLAB graphical user interface,cp,Conference Paper,Yildirim S.K.,,Mersin Üniversitesi,Mersin,Turkey,,,,,2013-12-01,2013,"20th Annual International Conference on Mechatronics and Machine Vision in Practice, M2VIP 2013",,21100285748,,Conference Proceeding,,,,70-77,,,1,0,,,,,
23,2-s2.0-84893338990,10.1109/FIE.2013.6685039,,,Developing the cellbot learning framework (CLF) - An interdisciplinary model for integrating mobile computing with robotics to innovate STEM education and outreach,cp,Conference Paper,Chattopadhyay A.,,Adams State University,Alamosa,United States,,,,,2013-12-01,2013,"Proceedings - Frontiers in Education Conference, FIE",15394565,16719,,Conference Proceeding,,,6685039,1290-1292,,,1,0,,,,,
24,2-s2.0-84893273867,10.1109/FIE.2013.6684933,,,Rethinking remote laboratories: Widgets and smart devices,cp,Conference Paper,García M.L.,,Universidad Nacional de Educacion a Distancia,Madrid,Spain,,,,,2013-12-01,2013,"Proceedings - Frontiers in Education Conference, FIE",15394565,16719,,Conference Proceeding,,,6684933,782-788,,,5,0,,,,,
25,2-s2.0-84893254511,10.1109/FIE.2013.6684987,,,Health monitoring laboratories by interfacing physiological sensors to mobile android devices,cp,Conference Paper,Rajan D.,,Sensor Signal and Information Processing (SenSIP) Center,Tempe,United States,,,,,2013-12-01,2013,"Proceedings - Frontiers in Education Conference, FIE",15394565,16719,,Conference Proceeding,,,6684987,1049-1055,,,8,0,,,,,
26,2-s2.0-84893248553,10.1109/ISR.2013.6695728,,,A fusion of computer vision technique and a visual programming language for edutainment robots,cp,Conference Paper,Yun C.,,,,,,,,,2013-12-01,2013,"2013 44th International Symposium on Robotics, ISR 2013",,21100285451,,Conference Proceeding,,,6695728,,,,1,0,,,,,
27,2-s2.0-84892917573,10.1145/2536536.2536584,,,Resources and Features of Robotics Learning Environments (RLEs) in Spain and Latin America,cp,Conference Paper,Pittí K.,,Universidad de Salamanca,Salamanca,Spain,,,,,2013-12-01,2013,ACM International Conference Proceeding Series,,11600154611,,Conference Proceeding,,,,315-322,,,11,0,,,,,
28,2-s2.0-84892907789,10.1145/2536536.2536581,,,"Inside the maze: Who would find the cheese first, a robot or a mouse? Teaching IT using robots",cp,Conference Paper,Sierra J.F.G.,,Universidad de León,Leon,Spain,,,,,2013-12-01,2013,ACM International Conference Proceeding Series,,11600154611,,Conference Proceeding,,,,297-302,,,0,0,,,,,
29,2-s2.0-84892651127,10.1109/TALE.2013.6654432,,,Explorative learning and visualization environment for teaching embedded systems in higher education,cp,Conference Paper,Jaschke S.,,Universität Siegen,Siegen,Germany,,,,,2013-12-01,2013,"Proceedings of 2013 IEEE International Conference on Teaching, Assessment and Learning for Engineering, TALE 2013",,21100283752,,Conference Proceeding,,,6654432,219-222,,,1,0,,,,,
30,2-s2.0-84892643632,10.1109/TALE.2013.6654500,,,Rule-based systems made easy with battleship games: A well-received classroom experience: Combination of activity-based and cooperative learning in a competitive environment,cp,Conference Paper,Srisuphab A.,,Mahidol University,Nakhon Pathom,Thailand,,,,,2013-12-01,2013,"Proceedings of 2013 IEEE International Conference on Teaching, Assessment and Learning for Engineering, TALE 2013",,21100283752,,Conference Proceeding,,,6654500,560-564,,,1,0,,,,,
31,2-s2.0-84891539260,,,,"Proceedings of the 2013 IEEE Symposium on Adaptive Dynamic Programming and Reinforcement Learning, ADPRL 2013 - 2013 IEEE Symposium Series on Computational Intelligence, SSCI 2013",cr,Conference Review,,,,,,,,,,2013-12-01,2013,"IEEE Symposium on Adaptive Dynamic Programming and Reinforcement Learning, ADPRL",23251824,21100277903,23251867,Conference Proceeding,,,,,,,0,0,,,,,
32,2-s2.0-84891525576,10.1109/ADPRL.2013.6614989,,,A combined hierarchical reinforcement learning based approach for multi-robot cooperative target searching in complex unknown environments,cp,Conference Paper,Cai Y.,,University of Guelph,Guelph,Canada,,,,,2013-12-01,2013,"IEEE Symposium on Adaptive Dynamic Programming and Reinforcement Learning, ADPRL",23251824,21100277903,23251867,Conference Proceeding,,,6614989,52-59,,,12,0,,,,,
33,2-s2.0-84891513832,10.1109/ADPRL.2013.6615003,,,A study on the efficiency of learning a robot controller in various environments,cp,Conference Paper,Soga S.,,Ochanomizu University,Tokyo,Japan,,,,,2013-12-01,2013,"IEEE Symposium on Adaptive Dynamic Programming and Reinforcement Learning, ADPRL",23251824,21100277903,23251867,Conference Proceeding,,,6615003,164-169,,,2,0,,,,,
34,2-s2.0-84891498726,10.1109/ADPRL.2013.6615001,,,Analyzing collective behavior in evolutionary swarm robotic systems based on an ethological approach,cp,Conference Paper,Yasuda T.,,Hiroshima University,Higashihiroshima,Japan,,,,,2013-12-01,2013,"IEEE Symposium on Adaptive Dynamic Programming and Reinforcement Learning, ADPRL",23251824,21100277903,23251867,Conference Proceeding,,,6615001,148-155,,,1,0,,,,,
35,2-s2.0-84889605432,10.1080/08993408.2013.847152,,,Mindstorms robots and the application of cognitive load theory in introductory programming,ar,Article,Mason R.,,School of Business and Tourism,Lismore,Australia,,,,,2013-12-01,December 2013,Computer Science Education,08993408,19700201422,17445175,Journal,23,4,,296-314,,,14,0,,,,,
36,2-s2.0-84889598013,10.1080/08993408.2013.847226,,,Robotics for computer scientists: what's the big idea?,ar,Article,Touretzky D.,,Carnegie Mellon University,Pittsburgh,United States,,,,,2013-12-01,December 2013,Computer Science Education,08993408,19700201422,17445175,Journal,23,4,,349-367,,,8,0,repositoryvor,Green,,,
37,2-s2.0-84889566370,10.1080/08993408.2013.847165,,,The role of physicality in rich programming environments,ar,Article,Liu A.,,University of Pittsburgh,Pittsburgh,United States,,,,,2013-12-01,December 2013,Computer Science Education,08993408,19700201422,17445175,Journal,23,4,,315-331,,,21,0,,,,,
38,2-s2.0-84888214186,10.1145/2504335.2504397,,,Adding obstacle avoidance to a robotic platform for human robot interaction,cp,Conference Paper,Abrego C.,,The University of Texas at Arlington,Arlington,United States,,,,,2013-11-29,2013,ACM International Conference Proceeding Series,,11600154611,,Conference Proceeding,,,,,,,1,0,,,,,
39,2-s2.0-84888186921,10.1145/2509136.2509552,,,Guided GUI testing of android apps with minimal restart and approximate learning,cp,Conference Paper,Choi W.,,"University of California, Berkeley",Berkeley,United States,,,,,2013-11-28,2013,"Proceedings of the Conference on Object-Oriented Programming Systems, Languages, and Applications, OOPSLA",,58932,,Conference Proceeding,,,,623-639,,,144,0,repositoryvor,Green,,,
40,2-s2.0-84887778878,10.1109/TE.2013.2255877,,,Game-console-based projects for learning the computer input/output subsystem,ar,Article,Larraza-Mendiluze E.,,Universidad del Pais Vasco,Leioa,Spain,,,,,2013-11-21,2013,IEEE Transactions on Education,00189359,17344,,Journal,56,4,6502274,453-458,,,10,0,,,,,
41,2-s2.0-84887473095,10.1109/ICSSE.2013.6614661,,,Educational robots as collaborative learning objects for teaching Computer Science,cp,Conference Paper,Burbaite R.,,Kaunas University of Technology,Kaunas,Lithuania,,,,,2013-11-18,2013,"ICSSE 2013 - IEEE International Conference on System Science and Engineering, Proceedings",,21100266706,,Conference Proceeding,,,6614661,211-216,,,27,0,,,,,
42,2-s2.0-84887445683,,,,Manifold Learning approach toward image feature-based state space construction,cp,Conference Paper,Kobayashi Y.,,Shizuoka University,Shizuoka,Japan,,,,,2013-11-18,2013,IJCCI 2013 - Proceedings of the 5th International Joint Conference on Computational Intelligence,,21100266705,,Conference Proceeding,,,,529-534,,,0,0,,,,,
43,2-s2.0-84887281165,10.1109/ICRA.2013.6630634,,,Learning a real time grasping strategy,cp,Conference Paper,Huang B.,,University of Bath;Ecole Polytechnique Fédérale de Lausanne,Bath;Lausanne,United Kingdom;Switzerland,,,,,2013-11-14,2013,Proceedings - IEEE International Conference on Robotics and Automation,10504729,25456,,Conference Proceeding,,,6630634,593-600,,,34,0,repositoryam,Green,,,
44,2-s2.0-84879982067,10.1109/ICRA.2013.6630613,,,A visual robot-programming environment for multidisciplinary education,cp,Conference Paper,Cross J.,,The Robotics Institute,Pittsburgh,United States,,,,,2013-11-14,2013,Proceedings - IEEE International Conference on Robotics and Automation,10504729,25456,,Conference Proceeding,,,6630613,445-452,,,20,0,repositoryvor,Green,,,
45,2-s2.0-84887162554,,,,Interactive lessons for tablet-based teaching a proposal for an open data format,cp,Conference Paper,Weible H.,,Visual Generation,Berlin,Germany,,,,,2013-11-12,2013,CSEDU 2013 - Proceedings of the 5th International Conference on Computer Supported Education,,21100265671,,Conference Proceeding,,,,64-69,,,0,0,,,,,
46,2-s2.0-84887154791,10.5302/J.ICROS.2013.13.8011,,,A user interface for vision sensor based indirect teaching of a robotic manipulator,ar,Article,Kim T.,,University of Science and Technology (UST),Daejeon,South Korea,,,,,2013-11-12,2013,"Journal of Institute of Control, Robotics and Systems",19765622,21100201073,,Journal,19,10,,921-927,,,0,1,publisherfree2read,Bronze,,,
47,2-s2.0-84886812513,10.1007/978-3-642-41533-3_21,,,Formal verification integration approach for DSML,cp,Conference Paper,Zalila F.,,Université Fédérale Toulouse Midi-Pyrénées,Toulouse,France,,,,,2013-11-07,2013,Lecture Notes in Computer Science (including subseries Lecture Notes in Artificial Intelligence and Lecture Notes in Bioinformatics),03029743,25674,16113349,Book Series,8107 LNCS,,,336-351,,,12,0,repositoryam,Green,,,
48,2-s2.0-84886793004,,,,"2013 2nd International Conference on Industrial Design and Mechanics Power, ICIDMP 2013",cr,Conference Review,,,,,,,,,,2013-11-06,2013,Applied Mechanics and Materials,16609336,4700151914,16627482,Book Series,437,,,,,,0,0,,,,,
49,2-s2.0-84929579501,10.1007/978-1-4614-5659-9-1,,,Marine Robot Autonomy,bk,Book,Seto M.,,Dalhousie University,Halifax,Canada,,,,,2013-11-01,1 November 2013,Marine Robot Autonomy,,21100392346,,Book,9781461456599,,,1-382,,,40,0,,,,,
50,2-s2.0-84944890101,10.4018/978-1-4666-4607-0.ch070,,,"The impact of educational robotics on student STEM learning, attitudes, and workplace skills",ch,Book Chapter,Nugent G.C.,,University of Nebraska–Lincoln,Lincoln,United States,,,,,2013-10-31,"October 31, 2013","Robotics: Concepts, Methodologies, Tools, and Applications",,21100498194,,Book,3,,,1442-1459,,,8,1,publisherfullgold,Gold,,,
51,2-s2.0-84944872273,10.4018/978-1-4666-4607-0.ch060,,,An integrated framework for robust human-robot interaction,ch,Book Chapter,Sridharan M.,,Texas Tech University,Lubbock,United States,,,,,2013-10-31,"October 31, 2013","Robotics: Concepts, Methodologies, Tools, and Applications",,21100498194,,Book,3,,,1255-1275,,,0,1,publisherfullgold,Gold,,,
52,2-s2.0-84886533716,10.1109/ICIS.2013.6607902,,,On embedded programming education with a tiny Lisp,cp,Conference Paper,Osawa M.,,Aichi Institute of Technology,Toyota,Japan,,,,,2013-10-31,2013,"2013 IEEE/ACIS 12th International Conference on Computer and Information Science, ICIS 2013 - Proceedings",,21100264348,,Conference Proceeding,,,6607902,567-568,,,0,0,,,,,
53,2-s2.0-84886531508,,,,Collaborative learning through socially shared regulation supported by a robotic agent,cp,Conference Paper,Oshima J.,,Shizuoka University,Shizuoka,Japan,,,,,2013-10-31,2013,"Computer-Supported Collaborative Learning Conference, CSCL",15734552,21100202122,,Conference Proceeding,2,,,327-328,,,0,0,,,,,
54,2-s2.0-84886245367,10.4028/www.scientific.net/AMM.393.573,,,Study on social interaction between children with autism and humanoid robot NAO,cp,Conference Paper,Miskam M.,,Universiti Teknologi MARA,Shah Alam,Malaysia,,,,,2013-10-29,2013,Applied Mechanics and Materials,16609336,4700151914,16627482,Book Series,393,,,573-578,,,20,0,,,,,
55,2-s2.0-84886238894,10.4028/www.scientific.net/AMM.418.116,,,Control language for public-an example based on 328eforth,cp,Conference Paper,Huang W.F.,,Hwa Hsia Institute of Technology Taiwan,Chung-Ho City,Taiwan,,,,,2013-10-29,2013,Applied Mechanics and Materials,16609336,4700151914,16627482,Book Series,418,,,116-119,,,0,0,,,,,
56,2-s2.0-84886932559,10.1109/IranianCEE.2013.6599643,,,Motion planning of a spherical robot using eXtended Classifier Systems,cp,Conference Paper,Esfandyari M.J.,,University of Tehran,Tehran,Iran,,,,,2013-10-25,2013,"2013 21st Iranian Conference on Electrical Engineering, ICEE 2013",,21100265318,,Conference Proceeding,,,6599643,,,,4,0,,,,,
57,2-s2.0-84885918845,10.1145/2530544.2530547,,,Teaching cyber-physical systems: Programming approach,cp,Conference Paper,Bauer K.,,Technische Universität Kaiserslautern,Kaiserslautern,Germany,,,,,2013-10-24,2013,"Proceedings of the 2012 Workshop on Embedded and Cyber-Physical Systems Education, WESE 2012",,21100262318,,Conference Proceeding,,,3,,,,10,0,,,,,
58,2-s2.0-84885743159,,,,"2013 International Conference on Vehicle and Mechanical Engineering and Information Technology, VMEIT 2013",cr,Conference Review,,,,,,,,,,2013-10-22,2013,Applied Mechanics and Materials,16609336,4700151914,16627482,Book Series,380-384,,,,,,0,0,,,,,
59,2-s2.0-84885644111,10.1109/TSP.2013.6613892,,,Creating a programming language for the AL5 type robotic arms,cp,Conference Paper,Szabó R.,,Universitatea Politehnica Timisoara,Timisoara,Romania,,,,,2013-10-21,2013,"2013 36th International Conference on Telecommunications and Signal Processing, TSP 2013",,21100261933,,Conference Proceeding,,,6613892,62-65,,,21,0,,,,,
60,2-s2.0-84885222606,10.1109/ICCPS.2013.6604013,,,Architecture of a cyberphysical avatar,cp,Conference Paper,Han S.,,The University of Texas at Austin,Austin,United States,,,,,2013-10-15,2013,"2013 ACM/IEEE International Conference on Cyber-Physical Systems, ICCPS 2013",,21100259551,,Conference Proceeding,,,6604013,189-198,,,6,0,,,,,
61,2-s2.0-84885214949,,,,"Proceedings of the 2013 IEEE Conference on Evolving and Adaptive Intelligent Systems, EAIS 2013 - 2013 IEEE Symposium Series on Computational Intelligence, SSCI 2013",cr,Conference Review,,,,,,,,,,2013-10-15,2013,"Proceedings of the 2013 IEEE Conference on Evolving and Adaptive Intelligent Systems, EAIS 2013 - 2013 IEEE Symposium Series on Computational Intelligence, SSCI 2013",,21100259578,,Conference Proceeding,,,,,,,0,0,,,,,
62,2-s2.0-84884889950,10.1007/978-3-642-39454-6_43,,,Measuring engagement to stimulate critical thinking,cp,Conference Paper,Donohue P.,,San Francisco State University,San Francisco,United States,,,,,2013-10-07,2013,Lecture Notes in Computer Science (including subseries Lecture Notes in Artificial Intelligence and Lecture Notes in Bioinformatics),03029743,25674,16113349,Book Series,8027 LNAI,,,410-417,,,0,1,publisherfree2read,Bronze,,,
63,2-s2.0-84884889238,10.4028/www.scientific.net/AMM.380-384.3682,,,Digital book reading and communication platform for android,cp,Conference Paper,Ning H.,,Qinghai University,Xining,China,,,,,2013-10-07,2013,Applied Mechanics and Materials,16609336,4700151914,16627482,Book Series,380-384,,,3682-3685,,,0,0,,,,,
64,2-s2.0-84884777323,,,,"2013 International Conference on Mechatronic Systems and Materials Application, ICMSMA 2013",cr,Conference Review,,,,,,,,,,2013-10-04,2013,Applied Mechanics and Materials,16609336,4700151914,16627482,Book Series,389,,,,,,0,0,,,,,
65,2-s2.0-84884715441,,,,"Progress in Artificial Intelligence - 16th Portuguese Conference on Artificial Intelligence, EPIA 2013, Proceedings",cr,Conference Review,,,,,,,,,,2013-10-03,2013,Lecture Notes in Computer Science (including subseries Lecture Notes in Artificial Intelligence and Lecture Notes in Bioinformatics),03029743,25674,16113349,Book Series,8154 LNAI,,,,,,0,0,,,,,
66,2-s2.0-84887824644,10.1007/s00170-013-5034-6,,,Autonomous seam acquisition and tracking system for multi-pass welding based on vision sensor,ar,Article,Gu W.P.,,Nanchang Hangkong University,Nanchang,China,,,,,2013-10-01,October 2013,International Journal of Advanced Manufacturing Technology,02683768,20428,14333015,Journal,69,1-4,,451-460,,,88,0,,,,,
67,2-s2.0-84884900492,10.1007/s11704-013-3910-8,,,Formal verification of synchronous data-flow program transformations toward certified compilers,re,Review,Ngo V.C.,,INRIA Institut National de Recherche en Informatique et en Automatique,Le Chesnay,France,,,,,2013-10-01,October 2013,Frontiers of Computer Science,20952228,21100200426,20952236,Journal,7,5,,598-616,,,7,0,repositoryam,Green,,,
68,2-s2.0-84883249455,10.1016/j.bica.2013.05.006,S2212683X13000418,,ECA: An enactivist cognitive architecture based on sensorimotor modeling,cp,Conference Paper,Georgeon O.,,Université de Lyon;Université Claude Bernard Lyon 1,Lyon;Villeurbanne,France;France,,,,,2013-10-01,October 2013,Biologically Inspired Cognitive Architectures,2212683X,21100218522,,Journal,6,,,46-57,,,16,0,repositoryam,Green,,,
69,2-s2.0-84884472733,10.1108/AA-05-2013-054,,,"Innovations like two arms, cheaper prices, easier programming, autonomous and collaborative operation are driving automation deployment in manufacturing and elsewhere",re,Review,Bloss R.,,,,,,,,,2013-09-26,2013,Assembly Automation,01445154,24904,,Journal,33,4,17096520,312-316,,,5,0,,,,,
70,2-s2.0-85081793290,,,,A Robotics summer camp for high school students: Pipelines activities promoting careers in engineering fields,cp,Conference Paper,Ayar M.,,Scientific and Technological Research Council of Turkey (TUBITAK),,United States,,,,,2013-09-24,2013,"ASEE Annual Conference and Exposition, Conference Proceedings",,21100970631,,Conference Proceeding,,,,,,,11,0,,,,,
71,2-s2.0-84884346148,,,,A proposal to implement a course on vision systems with applications in robotics at the oregon institute of technology,cp,Conference Paper,Floyd M.,,Oregon Institute of Technology,Klamath Falls,United States,,,,,2013-09-24,2013,"ASEE Annual Conference and Exposition, Conference Proceedings",,144728,,Conference Proceeding,,,,,,,2,0,,,,,
72,2-s2.0-84884342729,,,,An industry related project-based microcontroller course,cp,Conference Paper,Yildiz F.,,Sam Houston State University,Huntsville,United States,,,,,2013-09-24,2013,"ASEE Annual Conference and Exposition, Conference Proceedings",,144728,,Conference Proceeding,,,,,,,3,0,,,,,
73,2-s2.0-84884340348,,,,DaNI-K: A vision-based robot control experiment with a dani robot and kinect sensor bundle,cp,Conference Paper,Jaksic N.I.,,Colorado State University-Pueblo,Pueblo,United States,,,,,2013-09-24,2013,"ASEE Annual Conference and Exposition, Conference Proceedings",,144728,,Conference Proceeding,,,,,,,3,0,,,,,
74,2-s2.0-84884339609,,,,Machine design experience in a manufacturing engineering technology program,cp,Conference Paper,Chang G.,,Western Carolina University,Cullowhee,United States,,,,,2013-09-24,2013,"ASEE Annual Conference and Exposition, Conference Proceedings",,144728,,Conference Proceeding,,,,,,,0,0,,,,,
75,2-s2.0-84884336013,,,,Learn MATLAB piggybacked onto C-programming,cp,Conference Paper,Karunaratne M.,,University of Pittsburgh at Johnstown,Johnstown,United States,,,,,2013-09-24,2013,"ASEE Annual Conference and Exposition, Conference Proceedings",,144728,,Conference Proceeding,,,,,,,2,0,,,,,
76,2-s2.0-84884313608,,,,An effective learning approach for industrial robot programming,cp,Conference Paper,Chang G.,,Western Carolina University,Cullowhee,United States,,,,,2013-09-24,2013,"ASEE Annual Conference and Exposition, Conference Proceedings",,144728,,Conference Proceeding,,,,,,,6,0,,,,,
77,2-s2.0-84884308552,,,,How college students are increasing global competency while inspiring the next generation of engineers through UFLL (student poster),cp,Conference Paper,Thomas J.,,Salt Lake Community College,Salt Lake City,United States,,,,,2013-09-24,2013,"ASEE Annual Conference and Exposition, Conference Proceedings",,144728,,Conference Proceeding,,,,,,,0,0,,,,,
78,2-s2.0-84884304051,,,,Novel program for engineering student retention,cp,Conference Paper,Jefferson G.,,University of South Alabama,Mobile,United States,,,,,2013-09-24,2013,"ASEE Annual Conference and Exposition, Conference Proceedings",,144728,,Conference Proceeding,,,,,,,4,0,,,,,
79,2-s2.0-84884297564,,,,Engineering within K-12 from the teacher's perspective: Effectively integrating engineering activities tied to educational standards,cp,Conference Paper,Gallagher D.,,Ohio Northern University,Ada,United States,,,,,2013-09-24,2013,"ASEE Annual Conference and Exposition, Conference Proceedings",,144728,,Conference Proceeding,,,,,,,1,0,,,,,
80,2-s2.0-84883413892,10.1109/ISI.2013.6578779,,,Machine learning for attack vector identification in malicious source code,cp,Conference Paper,Benjamin V.,,The University of Arizona,Tucson,United States,,,,,2013-09-09,2013,"IEEE ISI 2013 - 2013 IEEE International Conference on Intelligence and Security Informatics: Big Data, Emergent Threats, and Decision-Making in Security Informatics",,21100255512,,Conference Proceeding,,,6578779,21-23,,,16,0,,,,,
81,2-s2.0-84883409173,10.1109/iccsp.2013.6577037,,,Design and development of a low-cost embedded system laboratory using TI MSP430F149,cp,Conference Paper,Uttarkar N.,,Sri Krishnadevaraya University,Anantapur,India,,,,,2013-09-09,2013,"International Conference on Communication and Signal Processing, ICCSP 2013 - Proceedings",,21100255541,,Conference Proceeding,,,6577037,165-175,,,9,0,,,,,
82,2-s2.0-84883393286,10.1007/978-3-642-39250-4_13,,,Solving multi-agent decision problems modeled as Dec-POMDP: A robot soccer case study,cp,Conference Paper,Aşik O.,,Boğaziçi Üniversitesi,Bebek,Turkey,,,,,2013-09-09,2013,Lecture Notes in Computer Science (including subseries Lecture Notes in Artificial Intelligence and Lecture Notes in Bioinformatics),03029743,25674,16113349,Book Series,7500 LNAI,,,130-140,,,5,1,publisherfree2read,Bronze,,,
83,2-s2.0-84883356688,,,,"Inductive Logic Programming - 22nd International Conference, ILP 2012, Revised Selected Papers",cr,Conference Review,,,,,,,,,,2013-09-09,2013,Lecture Notes in Computer Science (including subseries Lecture Notes in Artificial Intelligence and Lecture Notes in Bioinformatics),03029743,25674,16113349,Book Series,7842 LNAI,,,,,,0,0,,,,,
84,2-s2.0-84883340067,10.1007/978-3-642-38812-5_1,,,A relational approach to tool-use learning in robots,cp,Conference Paper,Brown S.,,UNSW Sydney,Sydney,Australia,,,,,2013-09-09,2013,Lecture Notes in Computer Science (including subseries Lecture Notes in Artificial Intelligence and Lecture Notes in Bioinformatics),03029743,25674,16113349,Book Series,7842 LNAI,,,1-15,,,11,0,repositoryam,Green,,,
85,2-s2.0-84883321289,10.1007/978-3-642-38812-5_13,,,Opening doors: An initial SRL approach,cp,Conference Paper,Moldovan B.,,KU Leuven,3000 Leuven,Belgium,,,,,2013-09-09,2013,Lecture Notes in Computer Science (including subseries Lecture Notes in Artificial Intelligence and Lecture Notes in Bioinformatics),03029743,25674,16113349,Book Series,7842 LNAI,,,178-192,,,2,0,repositoryam,Green,,,
86,2-s2.0-84883271859,,,,"Programming Multi-Agent Systems - 10th International Workshop, ProMAS 2012, Revised Selected Papers",cr,Conference Review,,,,,,,,,,2013-09-05,2013,Lecture Notes in Computer Science (including subseries Lecture Notes in Artificial Intelligence and Lecture Notes in Bioinformatics),03029743,25674,16113349,Book Series,7837 LNAI,,,,,,0,0,,,,,
87,2-s2.0-84883229814,,,,Simple programming language for creating a simulation environment with mobile robots,ar,Article,Kim Y.J.,,Mokwon University,Daejeon,South Korea,,,,,2013-09-04,2013,International Journal of Smart Home,19754094,20200195004,,Journal,7,4,,77-84,,,2,0,,,,,
88,2-s2.0-84883199729,,,,"2013 International Conference on Precision Mechanical Instruments and Measurement Technology, ICPMIMT 2013",cr,Conference Review,,,,,,,,,,2013-09-03,2013,Applied Mechanics and Materials,16609336,4700151914,16627482,Book Series,347-350,,,,,,0,0,,,,,
89,2-s2.0-84883189506,10.4028/www.scientific.net/AMM.347-350.3208,,,Multi-robot path planning based on learning classifier system with policy gradient reinforcement learning and support vector machine(PGRL-SVM),cp,Conference Paper,Song Q.L.,,Shangqiu Institute of Technology,Shangqiu,China,,,,,2013-09-03,2013,Applied Mechanics and Materials,16609336,4700151914,16627482,Book Series,347-350,,,3208-3211,,,1,0,,,,,
90,2-s2.0-84883150622,10.4028/www.scientific.net/AMM.347-350.1635,,,Design of web based secure embedded system in C,cp,Conference Paper,Qu B.,,Nanjing Xiaozhuang College,Nanjing,China,,,,,2013-09-03,2013,Applied Mechanics and Materials,16609336,4700151914,16627482,Book Series,347-350,,,1635-1640,,,0,0,,,,,
91,2-s2.0-84883075712,10.1145/2502524.2502550,,,Architecture of a cyberphysical avatar,cp,Conference Paper,Han S.,,The University of Texas at Austin,Austin,United States,,,,,2013-09-02,2013,"Proceedings of the ACM/IEEE 4th International Conference on Cyber-Physical Systems, ICCPS 2013",,21100255343,,Conference Proceeding,,,,189-198,,,13,0,repositoryam,Green,,,
92,2-s2.0-84882968379,10.4028/www.scientific.net/AMR.718-720.2252,,,Study of the virtual campus ramble for the android mobile phone,cp,Conference Paper,Zhong Q.,,Wuhan University of Technology,Wuhan,China,,,,,2013-08-30,2013,Advanced Materials Research,10226680,4700151906,,Book Series,718-720,,,2252-2258,,,2,0,,,,,
93,2-s2.0-84882941972,10.1109/SysCon.2013.6549922,,,Autonomous construction of structures in a dynamic environment using Reinforcement Learning,cp,Conference Paper,Dos Santos S.R.B.,,Instituto Tecnologico de Aeronautica,Sao Jose dos Campos,Brazil,,,,,2013-08-30,2013,"SysCon 2013 - 7th Annual IEEE International Systems Conference, Proceedings",,21100255066,,Conference Proceeding,,,6549922,452-459,,,13,0,,,,,
94,2-s2.0-84882322508,10.1145/2503673.2503696,,,Mobile visual computing in C++ on android,cp,Conference Paper,Tsai Y.T.,,NVIDIA,Santa Clara,United States,,,,,2013-08-26,2013,"ACM SIGGRAPH 2013 Studio Talks, SIGGRAPH 2013",,21100253536,,Conference Proceeding,,,23,,,,0,0,,,,,
95,2-s2.0-84882280451,10.1109/TAEECE.2013.6557288,,,Implementing HOG &amp; AMDF based shape detection algorithm for computer vision &amp; robotics education using LEGO Mindstorms NXT,cp,Conference Paper,Demirci B.,,Mevlana Üniversitesi,Konya,Turkey,,,,,2013-08-23,2013,"2013 The International Conference on Technological Advances in Electrical, Electronics and Computer Engineering, TAEECE 2013",,21100252802,,Conference Proceeding,,,6557288,288-293,,,2,0,,,,,
96,2-s2.0-84881576624,10.1145/2503512.2503516,,,Mobile visual computing in C++ on android,cp,Conference Paper,Tsai Y.T.,,NVIDIA,Santa Clara,United States,,,,,2013-08-21,2013,"ACM SIGGRAPH 2013 Mobile, SIGGRAPH 2013",,21100248937,,Conference Proceeding,,,3,,,,0,0,,,,,
97,2-s2.0-84881511227,10.1109/ICCSE.2013.6554131,,,Teaching innovation based on robot Karel auxiliary program design,cp,Conference Paper,Sun G.,,Communication University of China,Beijing,China,,,,,2013-08-20,2013,"Proceedings of the 8th International Conference on Computer Science and Education, ICCSE 2013",,21100248897,,Conference Proceeding,,,6554131,1346-1349,,,2,0,,,,,
98,2-s2.0-84881489559,10.1109/ICCSE.2013.6554064,,,Optimizing pyramid visibiliy coverage for autonomous robots in 3D environment,cp,Conference Paper,Yu W.,,Louisiana State University,Baton Rouge,United States,,,,,2013-08-20,2013,"Proceedings of the 8th International Conference on Computer Science and Education, ICCSE 2013",,21100248897,,Conference Proceeding,,,6554064,1023-1028,,,1,0,,,,,
99,2-s2.0-84881168431,10.1117/12.2016606,,,Common world model for unmanned systems,cp,Conference Paper,Dean R.,,General Dynamics Land Systems,Sterling Heights,United States,,,,,2013-08-12,2013,Proceedings of SPIE - The International Society for Optical Engineering,0277786X,40067,1996756X,Conference Proceeding,8741,,87410O,,,,11,0,,,,,
100,2-s2.0-84881098446,,,,"Proceedings - 2013 Learning and Teaching in Computing and Engineering, LaTiCE 2013",cr,Conference Review,,,,,,,,,,2013-08-09,2013,"Proceedings - 2013 Learning and Teaching in Computing and Engineering, LaTiCE 2013",,21100247084,,Conference Proceeding,,,,,,,0,0,,,,,
101,2-s2.0-84881007575,10.1109/EduCon.2013.6530082,,,A novel FPGA educational paradigm using the next generation programming languages case of an embedded FPGA system course,cp,Conference Paper,Balid W.,,University of Aleppo,Aleppo,Syrian Arab Republic,,,,,2013-08-07,2013,"IEEE Global Engineering Education Conference, EDUCON",21659559,21100206205,21659567,Conference Proceeding,,,6530082,23-31,,,10,0,,,,,
102,2-s2.0-84880977083,,,,"2013 IEEE Global Engineering Education Conference, EDUCON 2013",cr,Conference Review,,,,,,,,,,2013-08-07,2013,"IEEE Global Engineering Education Conference, EDUCON",21659559,21100206205,21659567,Conference Proceeding,,,,,,,0,0,,,,,
103,2-s2.0-84949176634,10.1007/978-3-642-37521-7_9,,,Feature-oriented software product lines: Concepts and implementation,bk,Book,Slootweg P.J.,,Radboud University Medical Center,Nijmegen,Netherlands,,,,,2013-08-01,1 August 2013,Feature-Oriented Software Product Lines: Concepts and Implementation,,21100391802,,Book,9783642375217,,,1-315,,,0,0,,,,,
104,2-s2.0-84881572388,10.1007/s13384-013-0094-z,,,The architecture of children's use of language and tools when problem solving collaboratively with robotics,ar,Article,Mills K.,,Queensland University of Technology,Brisbane,Australia,,,,,2013-08-01,August 2013,Australian Educational Researcher,03116999,29540,22105328,Journal,40,3,,315-337,,,19,0,repositoryam,Green,,,
105,2-s2.0-84880533026,10.1145/2485760.2485865,,,Dr. Wagon: A 'stretchable' toolkit for tangible computer programming,cp,Conference Paper,Chawla K.,,Stanford University,Palo Alto,United States,,,,,2013-07-29,2013,ACM International Conference Proceeding Series,,11600154611,,Conference Proceeding,,,,561-564,,,19,0,,,,,
106,2-s2.0-84879868688,,,,"Proceedings of the 8th IASTED International Conference on Advances in Computer Science, ACS 2013",cr,Conference Review,,,,,,,,,,2013-07-12,2013,"Proceedings of the 8th IASTED International Conference on Advances in Computer Science, ACS 2013",,21100244833,,Conference Proceeding,,,,,,,0,0,,,,,
107,2-s2.0-84882996117,10.7227/IJEEE.50.3.4,972020P647T31786,,An autonomous line-following robot project as a training tool for project work,ar,Article,Apsley J.,,The University of Manchester,Manchester,United Kingdom,,,,,2013-07-01,1 July 2013,International Journal of Electrical Engineering and Education,00207209,17966,20504578,Journal,50,3,,239-246,,,6,0,,,,,
108,2-s2.0-84878266260,10.1016/j.robot.2012.08.001,S0921889012001182,,End-user programming architecture facilitates the uptake of robots in social therapies,ar,Article,Barakova E.,,Technische Universiteit Eindhoven,Eindhoven,Netherlands,,,,,2013-07-01,July 2013,Robotics and Autonomous Systems,09218890,18079,,Journal,61,7,,704-713,,,61,0,,,,,
109,2-s2.0-84944225722,10.4018/978-1-4666-4157-0.ch015,,,Integrating the LMS in service oriented elearning systems,ch,Book Chapter,Leal J.,,"Institute for Systems and Computer Engineering, Technology and Science",Porto,Portugal,,,,,2013-06-30,"June 30, 2013","Governance, Communication, and Innovation in a Knowledge Intensive Society",,21100416193,,Book,,,,180-190,,,0,0,,,,,
110,2-s2.0-84878386088,10.5772/53992,,,Towards behavior control for evolutionary robot based on RL with ENN,ar,Article,Yang J.,,Hefei University of Technology;Changhzou Key Laboratory of Software Technology and Applications,Hefei;,China;China,,,,,2013-06-05,2013,International Journal of Advanced Robotic Systems,17298806,144749,17298814,Journal,10,,157,,,,2,1,publisherfullgold,Gold,,,
111,2-s2.0-84878293585,,,,A hand motion controller allowing for control the computer models and peripherals,ar,Article,Bernat J.,,Politechnika Poznanska,Poznan,Poland,,,,,2013-06-03,2013,International Journal of Engineering Education,0949149X,12345,,Journal,29,3,,586-595,,,0,0,,,,,
112,2-s2.0-84877733947,10.1109/ISMS.2013.116,,,Smartphone based control architecture of teaching pendant for industrial manipulators,cp,Conference Paper,Jan Y.,,Gyeongsang National University,Jinju,South Korea,,,,,2013-05-20,2013,"Proceedings - International Conference on Intelligent Systems, Modelling and Simulation, ISMS",21660662,21100239811,21660670,Conference Proceeding,,,6498298,370-375,,,17,0,,,,,
113,2-s2.0-84877589739,10.1109/ICIT.2013.6505961,,,Action learning based on developmental body perception,cp,Conference Paper,Saegusa R.,,Toyohashi University of Technology,Toyohashi,Japan,,,,,2013-05-15,2013,Proceedings of the IEEE International Conference on Industrial Technology,,84128,,Conference Proceeding,,,6505961,1866-1871,,,3,0,,,,,
114,2-s2.0-84877014412,,,,Teaching of computer science topics using meta-programming-based glos and lego robots,ar,Article,Štuikys V.,,Kaunas University of Technology,Kaunas,Lithuania,,,,,2013-05-08,2013,Informatics in Education,16485831,4100151705,,Journal,12,1,,125-142,,,27,0,,,,,
115,2-s2.0-84876815936,10.1109/TLA.2013.6502866,,,Actions towards the application of intelligent systems in computer education,ar,Article,Diaz L.,,Universidad Nacional de Córdoba,Cordoba,Argentina,,,,,2013-05-02,2013,IEEE Latin America Transactions,15480992,19700181218,,Journal,11,1,6502866,591-595,,,4,0,,,,,
116,2-s2.0-84875892345,10.1016/j.neunet.2012.09.015,S0893608012002560,23098753,Intrinsically motivated action-outcome learning and goal-based action recall: A system-level bio-constrained computational model,ar,Article,Baldassarre G.,,"Istituto Di Scienze E Tecnologie Della Cognizione, Rome",Rome,Italy,,,,,2013-05-01,May 2013,Neural Networks,08936080,24804,18792782,Journal,41,,,168-187,,,45,0,repositoryam,Green,,,
117,2-s2.0-84876238106,,,,NET Gadgeteer: A new platform for K-12 computer science education,cp,Conference Paper,Hodges S.,,Microsoft Research Cambridge,Cambridge,United Kingdom,,,,,2013-04-22,2013,SIGCSE 2013 - Proceedings of the 44th ACM Technical Symposium on Computer Science Education,,21100237428,,Conference Proceeding,,,,391-396,,,22,0,,,,,
118,2-s2.0-84882956902,10.7227/IJEEE.50.2.4,F753PKJ236837523,,A project-based strategy for teaching robotics using NI's embedded-FPGA platform,ar,Article,Mysorewala M.,,King Fahd University of Petroleum and Minerals,Dhahran,Saudi Arabia,,,,,2013-04-01,1 April 2013,International Journal of Electrical Engineering and Education,00207209,17966,20504578,Journal,50,2,,139-156,,,8,0,,,,,
119,2-s2.0-84877876489,10.1007/s10514-013-9324-5,,,A new paradigm for open robotics research and education with the C++ OOML,ar,Article,Valero-Gómez A.,,Universidad Carlos III de Madrid,Madrid,Spain,,,,,2013-04-01,April 2013,Autonomous Robots,09295593,18016,,Journal,34,3,,233-249,,,1,0,,,,,
120,2-s2.0-84877874382,10.1007/s10514-013-9323-6,,,ROS open-source audio recognizer: ROAR environmental sound detection tools for robot programming,ar,Article,Romano J.M.,,Rethink Robotics,Boston,United States,,,,,2013-04-01,April 2013,Autonomous Robots,09295593,18016,,Journal,34,3,,207-215,,,10,0,,,,,
121,2-s2.0-84874870938,10.1007/978-3-642-36617-8_6,,,Blind pupils begin to solve algorithmic problems,cp,Conference Paper,Jašková L.,,Univerzita Komenského v Bratislave,Bratislava,Slovakia,,,,,2013-03-18,2013,Lecture Notes in Computer Science (including subseries Lecture Notes in Artificial Intelligence and Lecture Notes in Bioinformatics),03029743,25674,16113349,Book Series,7780 LNCS,,,68-79,,,1,0,,,,,
122,2-s2.0-84874516205,10.1145/2435264.2435287,,,Heracles: A tool for fast RTL-based design space exploration of multicore processors,cp,Conference Paper,Kinsy M.,,Massachusetts Institute of Technology,Cambridge,United States,,,,,2013-03-07,2013,ACM/SIGDA International Symposium on Field Programmable Gate Arrays - FPGA,,65737,,Conference Proceeding,,,,125-134,,,34,0,repositoryvor,Green,,,
123,2-s2.0-85003634389,10.1119/1.4792011,,,An Arduino-controlled photogate,ar,Article,Galeriu C.,,Becker College,Worcester,United States,,,,,2013-03-01,March 2013,Physics Teacher,0031921X,21100490427,19434928,Journal,51,3,,156-158,,,30,0,,,,,
124,2-s2.0-84878499446,10.1007/s10489-012-0339-y,,,Similarity measuring strategy of image patterns based on fuzzy entropy and energy variations in intelligent robot's manipulative task,ar,Article,Son C.,,Dankook University,Seoul,South Korea,,,,,2013-03-01,March 2013,Applied Intelligence,0924669X,23674,,Journal,38,2,,131-145,,,7,0,,,,,
125,2-s2.0-84878199847,,,,A Java programming Learning Assistant System using test-driven development method,ar,Article,Funabiki N.,,Okayama University,Okayama,Japan,,,,,2013-03-01,March 2013,IAENG International Journal of Computer Science,1819656X,15900154752,18199224,Journal,40,1,,38-46,,,60,0,,,,,
126,2-s2.0-84874130048,10.1007/978-94-007-5860-5_122,,,Improved method for action modeling using Bayesian probability theory,cp,Conference Paper,Sung Y.,,"Dongguk University, Seoul",Seoul,South Korea,,,,,2013-02-26,2013,Lecture Notes in Electrical Engineering,18761100,19700186822,18761119,Book Series,215 LNEE,,,1009-1013,,,0,0,,,,,
127,2-s2.0-84873193686,10.4028/www.scientific.net/AMM.278-280.2156,,,Line maze robot training course for the senior high school students,cp,Conference Paper,Lee C.,,LungHwa University of Science and Technology,Taoyuan,Taiwan,,,,,2013-02-06,2013,Applied Mechanics and Materials,16609336,4700151914,16627482,Book Series,278-280,,,2156-2159,,,0,0,,,,,
128,2-s2.0-84873185692,10.4028/www.scientific.net/AMM.278-280.2187,,,Dealing with loop-based map by line maze robot training kit,cp,Conference Paper,Huang H.,,LungHwa University of Science and Technology,Taoyuan,Taiwan,,,,,2013-02-06,2013,Applied Mechanics and Materials,16609336,4700151914,16627482,Book Series,278-280,,,2187-2190,,,1,0,,,,,
129,2-s2.0-85015595629,,,,"13th International Conference on Systems Simulation, AsiaSim 2013",cr,Conference Review,,,,,,,,,,2013-01-01,2013,Communications in Computer and Information Science,18650929,17700155007,,Book Series,402,,,,,,0,0,,,,,
130,2-s2.0-85010840117,10.1145/2556610.2591506,,,QReal:Robots - An environment for teaching computer science and robotics in schools,cp,Conference Paper,Terekhov A.,,Saint Petersburg State University,Saint Petersburg (ex Leningrad),Russian Federation,,,,,2013-01-01,2013,ACM International Conference Proceeding Series,,11600154611,,Conference Proceeding,2013-October,,,,,,2,0,,,,,
131,2-s2.0-85009816090,10.1007/978-3-319-04102-5_3,,,Pervasiveness in real-world educational games: A case of lego mindstorms and M.I.T app inventor,cp,Conference Paper,Kalakos N.,,Fokida’s Department of Secondary Education,,Greece,,,,,2013-01-01,2013,"Lecture Notes of the Institute for Computer Sciences, Social-Informatics and Telecommunications Engineering, LNICST",18678211,21100220348,,Book Series,118 LNICST,,,23-30,,,1,0,,,,,
132,2-s2.0-84997344218,,,,Virtual robot simulation in RoboAnalyzer,cp,Conference Paper,Sadanand R.O.M.,,National Institute of Technology Calicut,Kozhikode,India,,,,,2013-01-01,2013,"1st International and 16th National Conference on Machines and Mechanisms, iNaCoMM 2013",,21100787000,,Conference Proceeding,,,,686-693,,,11,0,,,,,
133,2-s2.0-84997107899,,,,Self-calibration of a camera equipped SCORBOT ER-4u robot,cp,Conference Paper,Alemu G.M.,,Indian Institute of Technology Roorkee,Roorkee,India,,,,,2013-01-01,2013,"1st International and 16th National Conference on Machines and Mechanisms, iNaCoMM 2013",,21100787000,,Conference Proceeding,,,,788-793,,,0,0,,,,,
134,2-s2.0-84922483421,,,,Diffusion and Defect Data Pt.B: Solid State Phenomena,ar,Article,,,,,,,,,,2013-01-01,2013,Solid State Phenomena,10120394,21100305259,,Book Series,198,,,,,,0,0,,,,,
135,2-s2.0-84906222864,,,,Computer-aided tool path generation for robotic Non-Destructive Inspection,cp,Conference Paper,Morozov M.,,University of Strathclyde,Glasgow,United Kingdom,,,,,2013-01-01,2013,"52nd Annual Conference of the British Institute of Non-Destructive Testing 2013, NDT 2013",,21100330708,,Conference Proceeding,,,,440-451,,,5,0,,,,,
136,2-s2.0-84906089864,,,,"39th International Computer Music Conference, ICMC 2013",cr,Conference Review,,,,,,,,,,2013-01-01,2013,Proceedings of the 2013 ICMC Conference: International Developments in Electroacoustics,,21100329902,,Conference Proceeding,,,,,,,0,0,,,,,
137,2-s2.0-84904668799,,,,Humano-robot learning (HuRL): An integrated educational robotics approach,cp,Conference Paper,Anih S.,,African Regional Centre for Space Science and Technology Education,Ife,Nigeria,,,,,2013-01-01,2013,"Proceedings of the International Astronautical Congress, IAC",00741795,21100255701,,Conference Proceeding,12,,,9542-9549,,,0,0,,,,,
138,2-s2.0-84904599179,,,,"16th FIRA RoboWorld Congress, FIRA 2013",cr,Conference Review,,,,,,,,,,2013-01-01,2013,Communications in Computer and Information Science,18650929,17700155007,,Book Series,376 CCIS,,,,,,0,0,,,,,
139,2-s2.0-84901808136,10.3923/itj.2013.6197.6202,,,Design matlab network virtual experimental system based on Asp.Net and MATLAB builder ne,ar,Article,Qin Y.,,Hechi University,Guangxi,China,,,,,2013-01-01,2013,Information Technology Journal,18125638,3900148407,18125646,Journal,12,21,,6197-6202,,,0,0,,,,,
140,2-s2.0-84899453829,10.1109/ICAR.2013.6766580,,,"Desing of a kinematic control model, for an anthropomorphic robot arm, applied to the teaching of industrial robotics",cp,Conference Paper,Rodrigo Escandon C.,,"Universidad Politécnica Salesiana, Cuenca",Cuenca,Ecuador,,,,,2013-01-01,2013,"2013 16th International Conference on Advanced Robotics, ICAR 2013",,21100307425,,Conference Proceeding,,,6766580,,,,2,0,,,,,
141,2-s2.0-84899448831,10.1109/TAAI.2013.65,,,P-CUBE: Block type programming tool for visual impairments,cp,Conference Paper,Kakehashi S.,,Toyama Prefectural University,Imizu,Japan,,,,,2013-01-01,2013,"Proceedings - 2013 Conference on Technologies and Applications of Artificial Intelligence, TAAI 2013",,21100307431,,Conference Proceeding,,,6783884,294-299,,,13,0,,,,,
142,2-s2.0-84899443997,10.1109/ICAR.2013.6766509,,,Web-based configurable and multiplatform development environment for educational robotics,cp,Conference Paper,Thomaz S.,,Universidade Federal do Rio Grande do Norte,Natal,Brazil,,,,,2013-01-01,2013,"2013 16th International Conference on Advanced Robotics, ICAR 2013",,21100307425,,Conference Proceeding,,,6766509,,,,5,0,,,,,
143,2-s2.0-84899442948,10.1109/ICAR.2013.6766470,,,Recognizing scenes with hierarchical Implicit Shape Models based on spatial object relations for Programming by Demonstration,cp,Conference Paper,Meißner P.,,Karlsruher Institut für Technologie,Karlsruhe,Germany,,,,,2013-01-01,2013,"2013 16th International Conference on Advanced Robotics, ICAR 2013",,21100307425,,Conference Proceeding,,,6766470,,,,6,0,,,,,
144,2-s2.0-84899427045,10.1109/ICMLA.2013.129,,,Artificial neural networks controller algorithm developed for a Brushless DC Motor,cp,Conference Paper,Colak I.,,Gazi Üniversitesi,Ankara,Turkey,,,,,2013-01-01,2013,"Proceedings - 2013 12th International Conference on Machine Learning and Applications, ICMLA 2013",,21100228726,,Conference Proceeding,2,,6786114,238-242,,,1,0,,,,,
145,2-s2.0-84899416523,10.1109/ICAR.2013.6766513,,,Move and the robot will learn: Vision-based autonomous learning of object models,cp,Conference Paper,Li X.,,Texas Tech University,Lubbock,United States,,,,,2013-01-01,2013,"2013 16th International Conference on Advanced Robotics, ICAR 2013",,21100307425,,Conference Proceeding,,,6766513,,,,3,0,,,,,
146,2-s2.0-84899085635,10.1109/URAI.2013.6677495,,,An implementation of computer vision technique for an edutainment robot with a visual programming language,cp,Conference Paper,Yun C.,,,,,,,,,2013-01-01,2013,"2013 10th International Conference on Ubiquitous Robots and Ambient Intelligence, URAI 2013",,21100305344,,Conference Proceeding,,,6677495,131-133,,,2,0,,,,,
147,2-s2.0-84897803333,10.1109/IC3e.2013.6735975,,,"Taking the step from edutainment to eRobotics - A novel approach for an active render-framework to face the challenges of modern, multi-domain VR simulation systems",cp,Conference Paper,Hempe N.,,Rheinisch-Westfälische Technische Hochschule Aachen,Aachen,Germany,,,,,2013-01-01,2013,"2013 IEEE Conference on e-Learning, e-Management and e-Services, IC3e 2013",,21100293209,,Conference Proceeding,,,6735975,105-110,,,6,0,,,,,
148,2-s2.0-84897502140,10.1109/MITE.2013.6756351,,,Innovation and technology in engineering education system based on Android,cp,Conference Paper,Srivastava D.K.,,Manipal University,Jaipur,India,,,,,2013-01-01,2013,"Proceedings of the 2013 IEEE International Conference in MOOC, Innovation and Technology in Education, MITE 2013",,21100301430,,Conference Proceeding,,,6756351,285-288,,,2,0,,,,,
149,2-s2.0-84897482407,10.1080/15391523.2013.10782614,,,"Let's dance the ""Robot Hokey-Pokey!"": Children's programming approaches and achievement throughout early cognitive development",ar,Article,Flannery L.,,Tufts University,Medford,United States,,,,,2013-01-01,2013,Journal of Research on Technology in Education,15391523,21100301445,19450818,Journal,46,1,,81-101,,,46,0,,,,,
150,2-s2.0-84897382011,,,,CEE-SECR 2013 - Proceedings: 9th Central and Eastern European Software Engineering Conference in Russia,cr,Conference Review,Puntikov N.,,,,,,,,,2013-01-01,2013,ACM International Conference Proceeding Series,,11600154611,,Conference Proceeding,,,,,,,0,0,,,,,
151,2-s2.0-84897369421,,,,"19th International Conference on Information and Software Technologies, ICIST 2013",cr,Conference Review,,,,,,,,,,2013-01-01,2013,Communications in Computer and Information Science,18650929,17700155007,,Book Series,403,,,,,,0,0,,,,,
152,2-s2.0-84897369013,,,,"Networking in Education and Research: 12th RoEduNet International Conference, RoEduNet 2013 - Proceedings",cr,Conference Review,,,,,,,,,,2013-01-01,2013,Proceedings - RoEduNet IEEE International Conference,20681038,20300195012,,Conference Proceeding,,,,,,,0,0,,,,,
153,2-s2.0-84895481618,10.5005/jp-journals-10009-1298,,,The history and new trends of medical informatics,re,Review,Masic I.,,University of Sarajevo,Sarajevo,Bosnia and Herzegovina,,,,,2013-01-01,2013,Donald School Journal of Ultrasound in Obstetrics and Gynecology,0973614X,20300195003,09751912,Journal,7,3,,301-312,,,9,0,repositoryam,Green,,,
154,2-s2.0-84894275850,10.3233/978-1-61499-276-9-100,,23823389,A web ontology for brain trauma patient computer-assisted rehabilitation,cp,Conference Paper,Zikos D.,,The University of Texas at Arlington,Arlington,United States,,,,,2013-01-01,2013,Studies in Health Technology and Informatics,09269630,19582,18798365,Conference Proceeding,190,,,100-102,,,1,0,,,,,
155,2-s2.0-84893635924,10.1109/CISPEE.2013.6701970,,,A mobile robot platform for open learning based on serious games and remote laboratories,cp,Conference Paper,Iturrate I.,,Universidad de Deusto,Bilbao,Spain,,,,,2013-01-01,2013,"Proceedings - 2013 1st International Conference of the Portuguese Society for Engineering Education, CISPEE 2013",,21100286374,,Conference Proceeding,,,6701970,,,,10,0,,,,,
156,2-s2.0-84893608404,10.1109/ICELIE.2013.6701275,,,Teaching robotics and virtual reality in a synergistic approach,cp,Conference Paper,Buiu C.,,University Politehnica of Bucharest,Bucuresti,Romania,,,,,2013-01-01,2013,"Proceedings - 2013 7th IEEE International Conference on e-Learning in Industrial Electronics, ICELIE 2013",,21100286390,,Conference Proceeding,,,6701275,71-75,,,2,0,,,,,
157,2-s2.0-84893588239,10.1109/CISPEE.2013.6701992,,,An industrial robotics course based on a graphical simulation package,cp,Conference Paper,Silva M.,,Instituto Superior de Engenharia do Porto,Porto,Portugal,,,,,2013-01-01,2013,"Proceedings - 2013 1st International Conference of the Portuguese Society for Engineering Education, CISPEE 2013",,21100286374,,Conference Proceeding,,,6701992,,,,3,0,repositoryvor,Green,,,
158,2-s2.0-84893284415,10.1109/RoboMech.2013.6685507,,,Teaching and programming with Ch for tertiary-level mechatronics engineering education,cp,Conference Paper,Stopforth R.,,University of KwaZulu-Natal,Durban,South Africa,,,,,2013-01-01,2013,"Proceedings - 2013 6th Robotics and Mechatronics Conference, RobMech 2013",,21100285442,,Conference Proceeding,,,6685507,146-149,,,0,0,,,,,
159,2-s2.0-84892640828,10.1109/CASES.2013.6662504,,,Tutorial: Methodologies and tools for embedded multisensory systems based on ARM cortex M processors,cp,Conference Paper,Zilic Z.,,Université McGill,Montreal,Canada,,,,,2013-01-01,2013,"2013 International Conference on Compilers, Architecture and Synthesis for Embedded Systems, CASES 2013",,21100283769,,Conference Proceeding,,,6662504,,,,0,0,,,,,
160,2-s2.0-84888415230,10.18848/1832-3669/cgp/v08i06/56350,,,Technology-centred teaching methods to introduce programming and robotic concepts,ar,Article,Collier G.,,Kingston University,Kingston Upon Thames,United Kingdom,,,,,2013-01-01,2013,"International Journal of Technology, Knowledge and Society",,19900189254,18323669,Conference Proceeding,8,6,,121-129,,,4,0,,,,,
161,2-s2.0-84888399953,10.1007/978-3-642-39223-8_1,,,An offline programming method for the robotic Deburring of aerospace components,cp,Conference Paper,Leali F.,,Università degli Studi di Modena e Reggio Emilia,Modena,Italy,,,,,2013-01-01,2013,Communications in Computer and Information Science,18650929,17700155007,,Book Series,371,,,1-13,,,16,0,,,,,
162,2-s2.0-84887492164,10.1007/978-3-642-41578-4_5,,,"Modelling language, action, and perception in type theory with records",cp,Conference Paper,Dobnik S.,,Göteborgs Universitet,Gothenburg,Sweden,,,,,2013-01-01,2013,Lecture Notes in Computer Science (including subseries Lecture Notes in Artificial Intelligence and Lecture Notes in Bioinformatics),03029743,25674,16113349,Book Series,8114 LNCS,,,70-91,,,9,0,,,,,
163,2-s2.0-84886446689,10.1145/2500828.2500837,,,Feel different on the Java platform: The star programming language,cp,Conference Paper,McCabe F.,,"Starview, Inc",,United States,,,,,2013-01-01,2013,ACM International Conference Proceeding Series,,11600154611,,Conference Proceeding,,,,89-100,,,3,0,,,,,
164,2-s2.0-84885196485,10.3182/20130828-3-UK-2039.00075,S1474667015341264,,Teaching fuzzy logic control based on a robotic implementation,cp,Conference Paper,Shakouri P.,,Kingston University,Kingston Upon Thames,United Kingdom,,,,,2013-01-01,2013,IFAC Proceedings Volumes (IFAC-PapersOnline),14746670,21100456158,,Conference Proceeding,10,PART 1,,192-197,,,7,0,,,,,
165,2-s2.0-84884873254,10.1007/978-3-642-40849-6_57,,,Programmable automation of soccer ball stiching through open loop control of a path tracing gripper,cp,Conference Paper,Munawar M.,,Government College University Lahore,Lahore,Pakistan,,,,,2013-01-01,2013,Lecture Notes in Computer Science (including subseries Lecture Notes in Artificial Intelligence and Lecture Notes in Bioinformatics),03029743,25674,16113349,Book Series,8103 LNAI,PART 2,,569-579,,,0,0,,,,,
166,2-s2.0-84883539125,10.1145/2414446.2414450,,,A down-to-earth educational operating system for up-in-the-cloud many-core architectures,ar,Article,Ziwisky M.,,Marquette University,Milwaukee,United States,,,,,2013-01-01,January 2013,ACM Transactions on Computing Education,19466226,19700183047,,Journal,13,1,4,,,,5,0,repositoryam,Green,,,
167,2-s2.0-84883044296,10.12785/IJCDS/020204,,,"Task based interdisciplinary E-commerce course with UML sequence diagrams, algorithm transformations and spatial circuits to boost learning information security concepts",ar,Article,Herath A.,,University of Bahrain,Sakhir,Bahrain,,,,,2013-01-01,2013,International Journal of Computing and Digital Systems,,21100890383,2210142X,Journal,2,2,,79-87,,,3,1,repositoryam,Green,,,
168,2-s2.0-84882412375,10.1007/978-1-4614-4463-3,,,Handbook of neuroevolution through Erlang,bk,Book,Sher G.I.,,University of Central Florida,Orlando,United States,,,,,2013-01-01,1 January 2013,Handbook of Neuroevolution Through Erlang,,21100828118,,Book,,,,1-831,,,23,0,repositoryam,Green,,,
169,2-s2.0-84880834377,10.1016/j.engappai.2013.04.004,S0952197613000614,,Combining accuracy and success-rate to improve the performance of eXtended Classifier System (XCS) for data-mining and control applications,sh,Short Survey,Shariat Panahi M.,,University of Tehran,Tehran,Iran,,,,,2013-01-01,September 2013,Engineering Applications of Artificial Intelligence,09521976,24182,,Journal,26,8,,1930-1935,,,3,0,,,,,
170,2-s2.0-84878210399,10.1080/02533839.2012.730249,,,Intention deduction from demonstrated trajectory for tool-handling task,ar,Article,Chan H.Y.,,National Chiao Tung University,Hsinchu,Taiwan,,,,,2013-01-01,2013,"Journal of the Chinese Institute of Engineers, Transactions of the Chinese Institute of Engineers,Series A",02533839,15157,21587299,Journal,36,2,,190-201,,,0,0,,,,,
171,2-s2.0-84877756543,,,,Teaching software engineering: An active learning approach,ar,Article,Schilling W.W.,,Milwaukee School of Engineering,Milwaukee,United States,,,,,2013-01-01,January 2013,Computers in Education Journal,10693769,18388,,Journal,23,1,,13-24,,,3,0,,,,,
172,2-s2.0-84877736661,10.1541/ieejeiss.133.856,,,Two-stage reinforcement learning on credit branch genetic network programming for mobile robots,ar,Article,Sendari S.,,Universitas Negeri Malang;Waseda University,Malang;Tokyo,Indonesia;Japan,,,,,2013-01-01,2013,"IEEJ Transactions on Electronics, Information and Systems",03854221,3300147412,13488155,Journal,133,4,,856-863,,,1,0,,,,,
173,2-s2.0-84877583142,10.1109/TE.2012.2208194,,,The use of video-gaming devices as a motivation for learning embedded systems programming,ar,Article,Gonzalez J.,,Universidad de Granada,Granada,Spain,,,,,2013-01-01,2013,IEEE Transactions on Education,00189359,17344,,Journal,56,2,6248186,199-207,,,11,0,repositoryam,Green,,,
174,2-s2.0-84876238559,10.1145/2445196.2445392,,,"Form, function and performances in a musical instrument MAKErs camp",cp,Conference Paper,Sawyer B.,,Virginia Polytechnic Institute and State University,Blacksburg,United States,,,,,2013-01-01,2013,SIGCSE 2013 - Proceedings of the 44th ACM Technical Symposium on Computer Science Education,,21100988686,,Conference Proceeding,,,,669-674,,,7,0,,,,,
175,2-s2.0-84876226161,10.1145/2445196.2445377,,,Using app inventor in a K-12 summer camp,cp,Conference Paper,Wagner A.,,University of Alabama,Buffalo,United States,,,,,2013-01-01,2013,SIGCSE 2013 - Proceedings of the 44th ACM Technical Symposium on Computer Science Education,,21101012729,,Conference Proceeding,,,,621-626,,,54,0,repositoryam,Green,,,
176,2-s2.0-84876224261,10.1007/978-3-642-37374-9_71,,,Fostering students' spatial skills through practice in operating and programming robotic cells,cp,Conference Paper,Verner I.M.,,Technion - Israel Institute of Technology,Haifa,Israel,,,,,2013-01-01,2013,Advances in Intelligent Systems and Computing,21945357,5100152904,,Book Series,208 AISC,,,745-752,,,6,0,,,,,
177,2-s2.0-84874578555,10.1108/03684921311310594,,,Soft-computing based navigation approach for a bi-steerable mobile robot,ar,Article,Azouaoui O.,,Centre de Développement des Technologies Avancées,Algiers,Algeria,,,,,2013-01-01,February 2013,Kybernetes,0368492X,12981,,Journal,42,2,,241-267,,,5,0,,,,,
178,2-s2.0-84873412593,10.1109/TE.2012.2213822,,,Integrating mobile robotics and vision with undergraduate computer science,ar,Article,Cielniak G.,,University of Lincoln,Lincoln,United Kingdom,,,,,2013-01-01,2013,IEEE Transactions on Education,00189359,17344,,Journal,56,1,6294470,48-53,,,17,1,repositoryam,Green,,,
179,2-s2.0-84872563213,10.1007/s12369-012-0167-6,,,Learning Macro Actions from Instructional Videos Through Integration of Multiple Modalities,ar,Article,Johnson D.O.,,University of Missouri-Kansas City,Kansas City,United States,,,,,2013-01-01,January 2013,International Journal of Social Robotics,18754791,19500157063,18754805,Journal,5,1,,53-73,,,1,0,,,,,
180,2-s2.0-84872333655,10.1007/s11370-012-0128-9,,,A robot learning from demonstration framework to perform force-based manipulation tasks,ar,Article,Rozo L.,,Consejo Superior de Investigaciones Científicas,Madrid,Spain,,,,,2013-01-01,January 2013,Intelligent Service Robotics,18612776,9500154152,18612784,Journal,6,1,,33-51,,,106,0,repositoryam,Green,,,
181,2-s2.0-84872141182,,,,An analysis of teacher-student interaction patterns in a robotics course for kindergarten children: A pilot study,ar,Article,Liu E.,,National Central University,Taoyuan,Taiwan,,,,,2013-01-01,January 2013,Turkish Online Journal of Educational Technology,13036521,19500156802,,Journal,12,1,,9-18,,,22,0,,,,,
182,2-s2.0-84869099801,10.1016/j.actaastro.2012.09.006,S0094576512003633,,Collaborative gaming and competition for CS-STEM education using SPHERES Zero Robotics,ar,Article,Nag S.,,Massachusetts Institute of Technology,Cambridge,United States,,,,,2013-01-01,2013,Acta Astronautica,00945765,12372,,Journal,83,,,145-174,,,31,0,,,,,
